"RowIndex","Prediction"
1,-7.80155463071045
2,-23.4054296998298
3,9.2152049450969
4,0.763274936789964
5,-5.97122918509336
6,11.3101036730079
7,2.47554300375688
8,-7.74427266172929
9,4.48897812970188
10,-6.14836191734027
11,-1.69461002006651
12,-6.0622597984957
13,-9.19495661122876
14,13.5009827300015
15,-1.52750946956435
16,-10.2840485419925
17,-0.691659900155519
18,-11.4641806992572
19,1.72857749483818
20,-6.82142284266019
21,-14.7988348950793
22,-2.82284482767226
23,-4.92871716964441
24,12.8314712604485
25,2.18401859478517
26,10.1056448861905
27,-11.5111199050382
28,-6.09400330784049
29,-5.95404814377193
30,-6.07789550950834
31,-4.69118650037766
32,1.30802615469523
33,17.310598633893
34,-5.81629391603155
35,-5.20166694305828
36,-3.59483302215399
37,-5.88676721425006
38,-1.40179613401529
39,-5.5123026390942
40,20.4639000923786
41,-18.9853602295303
42,1.90266631851583
43,-9.9415886782851
44,-15.2242741623962
45,-5.86634642862637
46,-7.48326955608906
47,1.87712875432864
48,-17.7415431551771
49,-4.78436596215501
50,-3.38876553042407
51,-3.8295520904671
52,3.42066199486228
53,11.063256360356
54,-8.22828829116363
55,10.7068643997809
56,-17.5260129149034
57,-7.15813821843543
58,5.34702794650713
59,-13.2648278846985
60,-4.87760727724338
61,4.46552745826813
62,-8.78494645120059
63,-6.09400330784049
64,14.1312066386981
65,3.79826253050095
66,-0.2497184142662
67,3.38407344233357
68,-9.25285107298737
69,-0.725753877929711
70,-10.5874650964248
71,12.2285635805383
72,11.9018114191223
73,19.2083585894698
74,-4.81615502202144
75,-5.33649145090854
76,-1.57535289623074
77,-4.26642307604242
78,3.10222877013326
79,-4.34219056625189
80,5.10121546884278
81,-8.29521836591875
82,-3.46628419545759
83,4.4163753829202
84,0.409736819898096
85,0.744899610492442
86,-9.57546848837999
87,-8.01031234674365
88,-1.42832634639437
89,-13.6074645651803
90,-12.8951334607047
