"RowIndex","Prediction"
1,-0.356710554837764
2,-0.356710554848261
3,-0.356710554840407
4,-0.356710554854056
5,-0.356710552406913
6,-0.356710573480439
7,-0.35671055485405
8,-0.35671055674845
9,-0.356710554854042
10,-0.356710555711725
11,-0.356710550647219
12,-0.356710554854042
13,-0.356710550436803
14,-0.356710554680156
15,-0.356710554853867
16,-0.356595061320481
17,-0.35671055485404
18,-0.356710556321044
19,-0.356710554854148
20,-0.356710554854042
21,-0.356711227671317
22,-0.356710554832623
23,-0.35671144245057
24,-0.356710554854026
25,-0.356710555086416
26,-0.356710488684204
27,-0.356710554839784
28,-0.356709400393015
29,-0.356710554854042
30,-0.356710554770934
31,-0.356710388189468
32,-0.356710556275261
33,-0.356710554854034
34,-0.356710488758702
35,-0.356710557293384
36,-0.35671055429469
37,-0.356709385202434
38,-0.356710554852605
39,-0.356710554854223
40,-0.356710554859354
41,-0.356710575509784
42,-0.356710554853306
43,-0.35671055485419
44,-0.356711793235275
45,-0.356710554854372
46,-0.356710562514956
47,-0.356710554854042
48,-0.356710554855263
49,-0.356710561175405
50,-0.356710428872065
51,-0.356710554310005
52,-0.356710554859444
53,-0.356710554664892
54,-0.356710416744116
55,-0.356709990255082
56,-0.356710554858412
57,-0.356710485541092
58,-0.356710554900905
59,-0.356710554854076
60,-0.356710554921618
61,-0.356710554562835
62,-0.356710558431445
63,-0.356709400393015
64,-0.356710554043487
65,-0.356710554910885
66,-0.356708911011933
67,-0.356710554773398
68,-0.356710554432474
69,-0.356710471137298
70,-0.356709357998041
71,-0.356710554853588
72,-0.356710554848577
73,-0.356710554853136
74,-0.356710479684407
75,-0.35671055422786
76,-0.356710561411398
77,-0.356687391682182
78,-0.356710554854035
79,-0.356707827136654
80,-0.356710541763755
81,-0.356710554854042
82,-0.356709688370523
83,-0.35671013008641
84,-0.356710554853655
85,-0.356710554854045
86,-0.356710590450263
87,-0.356710564572987
88,-0.35532921704142
89,-0.356710554859707
90,-0.356710554888529
