"RowIndex","Prediction"
1,-8.05377192105926
2,-18.2259290080192
3,13.1814334474741
4,15.4985574200674
5,-3.59348221916415
6,19.1079119036204
7,10.5983494404272
8,4.83059216096762
9,12.3292535460787
10,-1.90658097480587
11,-3.62051579428027
12,-13.4521350306243
13,-6.79946879595662
14,21.5114923726092
15,1.68614775128641
16,-8.58442257695571
17,6.87421282764262
18,-14.6923205117817
19,-9.38167207319915
20,-12.1735196438797
21,-16.9164845465811
22,-6.19973280726898
23,-7.85155809524504
24,16.9257474403857
25,-3.58041582438957
26,2.45626786650134
27,-13.3604847302548
28,-5.54302145349787
29,8.27231654367753
30,-9.97323953249368
31,7.87800992621517
32,11.0735912522154
33,11.6571847163694
34,-6.51409378263497
35,-7.77426087431572
36,-6.64285006430571
37,9.2590775959062
38,9.25136241190633
39,-11.3141854385927
40,21.8443979691527
41,-15.3847064511493
42,10.2075027261014
43,-14.574225620042
44,-15.541512454322
45,7.92773442614338
46,-4.63747182786935
47,2.91649940729174
48,-13.7659183781909
49,-10.8812152830997
50,-6.30019533614895
51,-6.01191478185316
52,16.1558726621903
53,16.9731468731866
54,-6.33533360749621
55,18.1764160160168
56,-16.8760804253026
57,-7.26306705134527
58,17.6094464574896
59,-2.17026220618219
60,-8.11731241417336
61,11.5594351376269
62,-7.60427906048696
63,-5.54302145349787
64,21.5544501479131
65,-1.72754961435935
66,13.3229907459597
67,15.4543432428233
68,-11.651023454369
69,3.39976769254973
70,-8.97951218703518
71,19.820921767124
72,21.0632129671845
73,22.1613020324601
74,-4.49649162865174
75,-7.30622801374086
76,6.17516269458027
77,-5.5607391612498
78,-3.48577334053381
79,-5.00403063814057
80,5.24393617898328
81,-14.6446762591661
82,-3.41127465200812
83,20.2898004881654
84,-2.87093440468984
85,-3.51631731400585
86,-9.71413028106909
87,-13.5810223227938
88,8.48857144969358
89,-18.4393748875275
90,-13.3137452660414
