"RowIndex","Prediction"
1,-8.39990364237435
2,-20.2704164380664
3,13.1619192654193
4,16.8102753745146
5,-3.49964884450576
6,21.8906287387318
7,11.5644898857428
8,7.00205276492077
9,14.5615171633235
10,-1.5090449216357
11,-3.83997408975367
12,-16.0043880144763
13,-7.25685527692479
14,23.4266940215019
15,1.32200743595325
16,-8.57599489487085
17,7.31416365639877
18,-15.220812263989
19,-11.1068535488095
20,-12.9794465371568
21,-19.1216981473055
22,-7.10097042759975
23,-7.3362000854996
24,17.9395804925941
25,-3.63758580910844
26,2.50269931969758
27,-15.2351593106469
28,-6.16200008034164
29,8.68238602126776
30,-9.99738980373328
31,9.01956017562778
32,11.1331822756345
33,11.7462738672572
34,-7.27764847929996
35,-7.63022499552423
36,-7.28001000554885
37,10.5499560110298
38,11.5492955782217
39,-12.8134785645976
40,23.7579756093614
41,-17.1515639482187
42,10.8506944355113
43,-15.8564989765427
44,-16.3975339215271
45,9.25274865615257
46,-4.20129306214627
47,2.92572563246223
48,-15.988778833199
49,-12.7056253678768
50,-6.85147238485357
51,-7.11111722099397
52,17.2708015604677
53,17.6522950299764
54,-6.41616486776976
55,18.3136441891458
56,-18.3454665787578
57,-8.963126493518
58,21.0849190472583
59,-2.84851961264025
60,-10.1510378428086
61,11.2631275346153
62,-9.22443451666696
63,-6.16200008034164
64,23.3350983505904
65,-0.810482882198557
66,15.7284203912377
67,19.2349546346104
68,-13.5638515401071
69,3.27943124746407
70,-9.2635489889857
71,21.9334588397181
72,23.2293874253362
73,23.3133922571695
74,-5.02527641127929
75,-7.409407080668
76,6.61953723538385
77,-6.5987055782148
78,-2.84556216195328
79,-5.53146049213964
80,5.30087648673861
81,-17.6277833235447
82,-3.22067143427963
83,22.8184553927084
84,-2.16473498787194
85,-2.43939856798605
86,-11.0421214169975
87,-15.8753498546155
88,9.51799014706387
89,-20.4263750409816
90,-14.129663801188
