"RowIndex","Prediction"
1,-8.42731861041491
2,-19.5731151351621
3,12.0768599995631
4,17.0641508933754
5,-5.75841667249689
6,23.2934305129994
7,11.5383348734082
8,8.97728787555931
9,16.5455211984679
10,-1.95276185952166
11,-5.9182251850714
12,-15.86377211496
13,-8.26112882704972
14,23.3921539195513
15,2.46512650941207
16,-9.9919762656021
17,9.78733329111107
18,-16.3380341719182
19,-13.356289802271
20,-15.1996940052955
21,-16.8501873011475
22,-8.49790430138608
23,-7.1699329437092
24,17.2547461509496
25,-3.23810464482626
26,1.93762125239911
27,-15.0106532818121
28,-7.48271462428375
29,9.99366854309557
30,-10.9937678684499
31,9.92268978903438
32,11.4311506092629
33,10.4698754178086
34,-8.77418211005661
35,-8.14902866062922
36,-7.82183832660673
37,11.0834074759615
38,16.0446717207779
39,-14.4945043196148
40,23.4137848812559
41,-16.3723821127122
42,11.4839719912377
43,-15.7604405113653
44,-16.6884053086267
45,9.39108307320718
46,-4.59553727048158
47,3.40909844784678
48,-17.1728309492716
49,-14.4175636822048
50,-7.35398978306285
51,-7.45190385163377
52,13.6810298125529
53,17.3762572496539
54,-7.67722196697937
55,17.4761595814992
56,-16.6532893353924
57,-9.24473089408177
58,22.7214994593329
59,-0.596808898208194
60,-10.9410742953386
61,12.2352325802958
62,-8.91998619656779
63,-7.48271462428375
64,22.9790748792663
65,-0.6894212584943
66,17.0205697290215
67,22.3681475622895
68,-14.0105484559215
69,3.35504275567198
70,-9.86660075563049
71,22.8475893930255
72,23.2288526143433
73,23.1117097550798
74,-6.52124509996344
75,-7.75028160473286
76,9.14703801010972
77,-7.39626159695724
78,-3.60460449319199
79,-6.7750213205724
80,4.35882806975017
81,-18.1833675868406
82,-5.39363947883305
83,23.0479881628756
84,-3.10080647892929
85,-1.87764768218214
86,-11.346757043715
87,-15.3008560923565
88,9.71365809757014
89,-19.5057944254922
90,-15.2872618962459
