"RowIndex","Prediction"
1,-6.80912402163921
2,-22.4348130477904
3,12.4392632954211
4,17.8268909602801
5,-3.49137163518314
6,23.888018591253
7,10.7664419177494
8,6.55712171060362
9,17.2506213022108
10,-0.894499989981229
11,-3.84181804211313
12,-17.3722050306324
13,-8.49018893453279
14,24.0444891298809
15,1.70529927620375
16,-8.63667155492559
17,6.41098756602688
18,-15.5089872694139
19,-14.8315934986386
20,-11.9011210449589
21,-22.2225340136557
22,-8.98627227940819
23,-8.4315263592722
24,18.9157829730902
25,-4.13762989981242
26,2.50011843955357
27,-20.5180917442076
28,-6.75365805280742
29,6.79568006180387
30,-7.91624456435114
31,6.47004840391491
32,10.0049567978693
33,11.4608161153749
34,-7.12054548162437
35,-6.45868340940028
36,-6.92481288715454
37,9.8744049152337
38,16.8625902365236
39,-16.12668576851
40,24.3135707807921
41,-17.2066807764191
42,11.4926324940727
43,-16.6764229578921
44,-16.5421071549741
45,6.88133744948481
46,-4.2814813068557
47,3.53220118172999
48,-16.7089620920293
49,-14.9823151181276
50,-8.54655929691286
51,-8.79763447564067
52,13.9413048076311
53,18.6173625293393
54,-6.75038588928883
55,18.6772446874208
56,-22.2874414440399
57,-9.47569974967839
58,23.4882104392018
59,-2.25180492164803
60,-10.1353958453061
61,11.1429460358389
62,-9.06316815606771
63,-6.75365805280742
64,24.0469987323689
65,0.0983255659213866
66,18.1608141001422
67,23.102732094878
68,-16.3062366868332
69,3.79253921573876
70,-7.87293943391227
71,23.73077344426
72,24.1977729732011
73,24.0192797340236
74,-7.1294600822002
75,-8.58912472031254
76,6.21771124797878
77,-8.24640070884884
78,-3.24098077283122
79,-6.61338224673026
80,5.15328602738831
81,-21.2032459240158
82,-3.36639890562309
83,23.9586298310194
84,-2.20112444558862
85,-2.16909003612994
86,-8.3530100576754
87,-20.2481109633204
88,6.93146537013316
89,-22.692684056437
90,-16.3050418740107
