"RowIndex","Prediction"
1,-7.44462871287131
2,-21.5149825095911
3,13.2633697009852
4,17.1444751729232
5,-3.0718807056442
6,23.2976743026045
7,12.7070141683372
8,7.82567654935439
9,16.0144303262345
10,-1.52221183553855
11,-3.41479762911223
12,-17.6908355344608
13,-7.53153386230852
14,24.155930928589
15,2.53264626937073
16,-8.28629169884808
17,7.9487939515086
18,-15.3647689880185
19,-12.5395939658687
20,-14.2861449006437
21,-19.6165160457964
22,-8.49365940991203
23,-7.96790647794283
24,19.0896476009645
25,-3.06450611517036
26,2.04874191924517
27,-16.4832824175369
28,-6.44984923337068
29,8.46861112796031
30,-10.0334767709509
31,8.24875057412831
32,10.6836604849828
33,11.3423943327605
34,-7.43071843056525
35,-6.72411084559014
36,-6.5842870518758
37,9.80594859880458
38,13.6688744220611
39,-13.849366248274
40,25.0319977611164
41,-17.7503373607907
42,10.5124005765527
43,-15.9340383930609
44,-16.2435387678831
45,8.02719689587658
46,-4.27854438967296
47,3.23210603332521
48,-16.0472913549684
49,-12.9828886023296
50,-7.6765580336286
51,-8.0029237121953
52,16.1565945597005
53,18.2384693674638
54,-6.53565409718348
55,18.6642411470207
56,-19.5447148397932
57,-8.70365622180325
58,22.2357159823605
59,-2.06890062960054
60,-10.2878461343831
61,11.116878183646
62,-8.56995622392938
63,-6.44984923337068
64,24.0566343307312
65,-1.19225365219819
66,16.5958367424497
67,21.1269273660006
68,-14.2127789794382
69,3.35350214175437
70,-8.78588550461924
71,23.2076299047549
72,24.5004900453624
73,24.4380337399129
74,-5.48609106912044
75,-7.86211246011144
76,7.73666673929946
77,-7.11759038364726
78,-2.59187993229277
79,-5.80753205398987
80,5.07261998069034
81,-18.6223370174741
82,-2.6994200521975
83,23.4020115900424
84,-2.18621269162144
85,-2.385735512052
86,-10.3720959495947
87,-16.3133064755806
88,8.51265304516149
89,-21.6137754392045
90,-14.377161398651
